Workbook

Sheet BM
C4: Dados do Biogás | F4: Unidade
B5: CH4 | C5: Densidade | D5: 0.715 | F5: Kg/Nm³
B6: CO2 | C6: Densidade | D6: 1.97 | F6: Kg/Nm³
B11: Componente | D11: Proporção | E11: Vazão (m³/dia) | F11: ST (Kg/m³) | G11: % SV/ST | H11: SV (Kg/m³) | I11: Massa de SV (Kg)
B12: Lodo Los Angeles | D12: 0.64 | E12: 320 | F12: 40 | G12: 0.7 | H12: 28 | I12: =E12*F12*G12 -> 8960 | M12: Scrubber | S12: Biogás + Reciclo | V12: % | X12: Saída de topo | AA12: % | AC12: Saída de Fundo
B13: Lodo Imbirussu | D13: 0.16 | E13: 80 | F13: 35 | G13: 0.7 | H13: 24.5 | I13: =E13*F13*G13 -> 1960 | M13: Entrada CH4 | N13: =J22 -> 3150.0844 | O13: Kg/Dia | P13: Eficiência | Q13: 0.03 | S13: CH4 entrada | T13: =N13+S19 -> 3232.5135 | U13: Kg/Dia | V13: =T13/(T13+T14) -> 0.3231246 | X13: CH4 | Y13: =T13*(1-Q13) -> 3135.5381 | Z13: Kg/Dia | AA13: =Y13/(Y13+Y14) -> 0.93915492 | AC13: CH4 | AD13: =T13-Y13 -> 96.975406 | AE13: Kg/Dia
B14: Vinhaça | D14: 0.1 | E14: 50 | F14: 25 | G14: 0.85 | H14: 21.3 | I14: =E14*F14*G14 -> 1062.5 | M14: Entrada Co2 | N14: =J23 -> 5786.1691 | O14: Kg/Dia | P14: Eficiência | Q14: 0.97 | S14: CO2 entrada | T14: =N14+S20 -> 6771.4091 | U14: Kg/Dia | V14: =1-V13 -> 0.6768754 | X14: CO2 | Y14: =T14*(1-Q14) -> 203.14227 | Z14: Kg/Dia | AA14: =1-AA13 -> 0.060845079 | AC14: CO2 | AD14: =T14-Y14 -> 6568.2668 | AE14: Kg/Dia
B15: Resíduo Orgânico | D15: 0.1 | E15: 50 | F15: 150 | G15: 0.8 | H15: 120 | I15: =E15*F15*G15 -> 6000 | M15: Entrada H20 | N15: =0.2*G23*998*4.1 -> 6009098.1 | O15: Kg/Dia | P15: Eficiência
B16: Total | D16: =SUM(D12:D15) -> 1 | E16: =SUM(E12:E15) -> 500 | I16: =SUM(I12:I15) -> 17982.5 | J16: Kg SV/Dia
M18: Flash Tank
M19: Eficiência | N19: 0.85 | P19: Reciclo do Metano | Q19: =Q13*N19 -> 0.0255 | R19: ---> | S19: =N13*(Q19/(1-Q19)) -> 82.429095 | T19: Kg/Dia
B20: Informações | D20: Valores | F20: Volume do Reator | G20: 1500 | H20: m³ | M20: Eficiência | N20: =0.15 -> 0.15 | P20: Reciclo do CO2 | Q20: =Q14*N20 -> 0.1455 | R20: ---> | S20: =N14*(Q20/(1-Q20)) -> 985.24003 | T20: Kg/Dia
B21: Eficiênciade de degradação | D21: 0.7 | F21: Kg de CH4 por SV Removido | G21: 0.35 | H21: Nm³
B22: SV Removido | D22: =I16*D21 -> 12587.75 | F22: Volume de Metano | G22: =D22*G21 -> 4405.7125 | H22: Nm³/Dia | I22: Massa de Metano | J22: =G22*D5 -> 3150.0844 | K22: Kg/Dia
B23: Digestato | D23: =I16*(1-D21) -> 5394.75 | F23: Volume total | G23: =G22/0.6 -> 7342.8542 | H23: Nm³/Dia | I23: Massa de CO2 | J23: =G24*D6 -> 5786.1691 | K23: Kg/Dia | M23: Stripper
F24: Volume de Dióxido de Carbono | G24: =G23*0.4 -> 2937.1417 | H24: Nm³/Dia | M24: CH4 | N24: =AD13-S19 -> 14.546311 | O24: Kg/Dia
M25: CO2 | N25: =AD14-S20 -> 5583.0268 | O25: Kg/Dia
J26: =J22+J23 -> 8936.2535
S31: Entrada | T31: =N13+N14 -> 8936.2535
S32: Saída | T32: =Y13+N24+N25+Y14 -> 8936.2535
S33: E-S | T33: =T31-T32 -> 0

Sheet Propriedades dos Fluidos
B3: Componente | C3: kg/kmol | H3: Fluido | I3: Densidade (ρ) [kg/m3] | J3: Viscosidade (μ) [Pa⋅s]
B4: CH4 | C4: 16.04 | H4: Água Limpa | I4: 998 | J4: 0.001
B5: CO2 | C5: 44.01 | H5: Água Lavagem | I5: 1010 | J5: 0.001
B6: H20 | C6: 18.02 | H6: Biogás (60% Metano / 40% Dióxido de Carbono) | I6: 1.15 | J6: 1.3e-05
H7: Biometano (98% Metano) | I7: 0.68 | J7: 1.1e-05
H8: Dióxido de Carbono | I8: 1.84 | J8: 1.5e-05
H9: Lodos de ETE / ETAR (2% a 5% Sólidos Totais) | I9: 1020 | J9: 0.05
H10: Vinhaça de 2ª Geração | I10: 1050 | J10: 0.02
H11: Resíduos Orgânicos de Aterro (Diluídos a 10% Sólidos) | I11: 1080 | J11: 0.8

Sheet Coluna de Absorção
B2: Vazão Inerte Líquido (L') | C2: =BM!N15/'Propriedades dos Fluidos'!C6*24 -> 8003238.4 | F2: X0-Razão L entrando | G2: =$C$4/(1-$C$4) -> 0 | K2: Fração Gás(y) | L2: Razão Gás (Y) | M2: Razão Líquido (X) | N2: Fração Líquido (x) | O2: Equilibrio
B3: Vazão Inerte Gás (V') | C3: =(BM!J22)/24*'Propriedades dos Fluidos'!C4+(BM!J23)/24*'Propriedades dos Fluidos'!C5 -> 12715.694 | F3: yn+1 Razão G Entrando | G3: =C5/(1-C5) -> 2.0947814 | K3: =0.06 -> 0.06 | L3: =K3/(1-K3) -> 0.063829787 | M3: =$G$2 + ($C$3/$C$2) * (L3 - $G$4) -> -1.5209209e-06 | N3: =M3/(1+M3) -> -1.5209232e-06 | O3: =206*N3 -> -0.00031331018
B4: Fração no Líquido (X0) | C4: 0 | F4: y1 Razão G Saindo | G4: =C6/(1-C6) -> 0.064787053 | K4: =K3+0.06158 -> 0.12158 | L4: =K4/(1-K4) -> 0.1384076 | M4: =$G$2 + ($C$3/$C$2) * (L4 - $G$4) -> 0.00011696969 | N4: =M4/(1+M4) -> 0.00011695601 | O4: =206*N4 -> 0.024092938
B5: Fração no gás de entrada(yn+1) | C5: =BM!V14 -> 0.6768754 | F5: Xn Razão L Saindo | G5: =G2+(C3/C2)*(G3-G4) -> 0.0032252927 | K5: =K4+0.06158 -> 0.18316 | L5: =K5/(1-K5) -> 0.22422996 | M5: =$G$2 + ($C$3/$C$2) * (L5 - $G$4) -> 0.00025332586 | N5: =M5/(1+M5) -> 0.0002532617 | O5: =206*N5 -> 0.05217191
B6: Fração no gás de saída (y1) | C6: =BM!AA14 -> 0.060845079 | F6: Fração no líquido de saída | G6: =G5/(1+G5) -> 0.0032149237 | K6: =K5+0.06158 -> 0.24474 | L6: =K6/(1-K6) -> 0.32404735 | M6: =$G$2 + ($C$3/$C$2) * (L6 - $G$4) -> 0.00041191758 | N6: =M6/(1+M6) -> 0.00041174797 | O6: =206*N6 -> 0.084820083
K7: =K6+0.06158 -> 0.30632 | L7: =K7/(1-K7) -> 0.4415869 | M7: =$G$2 + ($C$3/$C$2) * (L7 - $G$4) -> 0.00059866661 | N7: =M7/(1+M7) -> 0.00059830842 | O7: =206*N7 -> 0.12325153
K8: =K7+0.06158 -> 0.3679 | L8: =K8/(1-K8) -> 0.58202816 | M8: =$G$2 + ($C$3/$C$2) * (L8 - $G$4) -> 0.00082180229 | N8: =M8/(1+M8) -> 0.00082112749 | O8: =206*N8 -> 0.16915226
K9: =K8+0.06158 -> 0.42948 | L9: =K9/(1-K9) -> 0.75278693 | M9: =$G$2 + ($C$3/$C$2) * (L9 - $G$4) -> 0.001093107 | N9: =M9/(1+M9) -> 0.0010919134 | O9: =206*N9 -> 0.22493417
K10: =K9+0.06158 -> 0.49106 | L10: =K10/(1-K10) -> 0.96486816 | M10: =$G$2 + ($C$3/$C$2) * (L10 - $G$4) -> 0.0014300656 | N10: =M10/(1+M10) -> 0.0014280234 | O10: =206*N10 -> 0.29417283
K11: =K10+0.06158 -> 0.55264 | L11: =K11/(1-K11) -> 1.2353362 | M11: =$G$2 + ($C$3/$C$2) * (L11 - $G$4) -> 0.0018597903 | N11: =M11/(1+M11) -> 0.0018563379 | O11: =206*N11 -> 0.3824056
K12: =K11+0.06158 -> 0.61422 | L12: =K12/(1-K12) -> 1.592151 | M12: =$G$2 + ($C$3/$C$2) * (L12 - $G$4) -> 0.0024267042 | N12: =M12/(1+M12) -> 0.0024208296 | O12: =206*N12 -> 0.49869089
K13: =K12+0.06158 -> 0.6758 | L13: =K13/(1-K13) -> 2.0845157 | M13: =$G$2 + ($C$3/$C$2) * (L13 - $G$4) -> 0.0032089825 | N13: =M13/(1+M13) -> 0.0031987179 | O13: =206*N13 -> 0.65893588
K20: x0 | L20: 0 | N20: x | P20: x | R20: x | T20: xn | U20: =G6 -> 0.0032149237
K21: y1 | L21: 0.06 | N21: y | P21: y | R21: y | T21: yn+1 | U21: 0.68
B62: Vazão Inerte Líquido (L') | C62: =$C$2 -> 8003238.4 | F62: X0 | G62: =$C$4/(1-$C$4) -> 0
B63: Vazão Inerte Gás (V') | C63: =$C$3 -> 12715.694 | F63: yn+1 | G63: =C65/(1-C65) -> 2.125
B64: Fração no Líquido (X0) | C64: =$C$4 -> 0 | F64: y1 | G64: =C66/(1-C66) -> 0.064962726
B65: Fração no gás de entrada(yn+1) | C65: 0.68 | F65: Xn | G65: =G62+(C63/C62)*(G63-G64) -> 0.0032730255
B66: Fração no gás de saída (y1) | C66: =C60+0.061 -> 0.061 | F66: xn | G66: =G65/(1-G65) -> 0.0032837734

Sheet Tubulações
G6: ID Trecho | H6: Origem → Destino | I6: Fluido | J6: Vazão [m3/h] | K6: Comprimento (m) | L6: D Teórico [mm] | M6: D Comercial | N6: Ɛ (mm) | O6: D Interno Real [mm] | P6: Vel. Real [m/s]
G7: S-01 | H7: Tanque Lodo→ Bomba 1 | I7: Lodo | J7: =(BM!E12+BM!E13)/24 -> 16.666667 | K7: 2.5 | L7: 200 | M7: 5" Sch 40 | N7: =0.046/1000 -> 4.6e-05 | O7: =128.194 -> 128.194 | P7: =J7/(PI()*(O7/1000))/4 -> 10.345969
G8: R-01 | H8: Bomba 1→ Misturador | I8: Lodo | J8: =J7 -> 16.666667 | K8: 2.5 | L8: 200 | M8: 5" Sch 40 | N8: =0.046/1000 -> 4.6e-05 | O8: =128.194 -> 128.194 | P8: =J8/(PI()*(O8/1000))/4 -> 10.345969
G9: S-02 | H9: Tanque Vinhaça →Bomba 2 | I9: Vinhaça | J9: =BM!E14/24 -> 2.0833333 | K9: 2.5 | L9: 200 | M9: 5" Sch 40 | N9: =0.046/1000 -> 4.6e-05 | O9: =128.194 -> 128.194 | P9: =J9/(PI()*(O9/1000))/4 -> 1.2932462
G10: R-02 | H10: Bomba 2→ Misturador | I10: Vinhaça | J10: =J9 -> 2.0833333 | K10: 2.5 | L10: 200 | M10: 5" Sch 40 | N10: =0.046/1000 -> 4.6e-05 | O10: =128.194 -> 128.194 | P10: =J10/(PI()*(O10/1000))/4 -> 1.2932462
G11: S-03 | H11: Tanque Resíduo → Bomba 3 | I11: Res. Org. | J11: =BM!E15/24 -> 2.0833333 | K11: 2.5 | L11: 200 | M11: 5" Sch 40 | N11: =0.046/1000 -> 4.6e-05 | O11: =128.194 -> 128.194 | P11: =J11/(PI()*(O11/1000))/4 -> 1.2932462
G12: R-03 | H12: Bomba 3→ Misturador | I12: Res. Org. | J12: =J11 -> 2.0833333 | K12: 2.5 | L12: 200 | M12: 5" Sch 40 | N12: =0.046/1000 -> 4.6e-05 | O12: =128.194 -> 128.194 | P12: =J12/(PI()*(O12/1000))/4 -> 1.2932462
G13: S-04 | H13: Misturador→ Bomba 4 | I13: Mistura | J13: =J12+J10+J8 -> 20.833333 | K13: 2.5 | L13: 200 | M13: 5" Sch 40 | N13: =0.046/1000 -> 4.6e-05 | O13: =128.194 -> 128.194 | P13: =J13/(PI()*(O13/1000))/4 -> 12.932462
G14: R-04 | H14: Bomba 4→ Biodigestor | I14: Mistura | J14: 20.83 | K14: 3 | L14: 200 | M14: 5" Sch 40 | N14: =0.046/1000 -> 4.6e-05 | O14: =128.194 -> 128.194 | P14: =J14/(PI()*(O14/1000))/4 -> 12.930392
G15: S-05 | H15: Biodigestor → Compressor | I15: Biogás | J15: =BM!G23/24 -> 305.95226 | K15: 5 | L15: 200 | M15: 5" Sch 40 | N15: =0.046/1000 -> 4.6e-05 | O15: =128.194 -> 128.194 | P15: =J15/(PI()*(O15/1000))/4 -> 189.92236
G16: R-05 | H16: Compressor →Col. Absorção | I16: Biogás | J16: =J15 -> 305.95226 | K16: 5 | L16: 200 | M16: 5" Sch 40 | N16: =0.046/1000 -> 4.6e-05 | O16: =128.194 -> 128.194 | P16: =J16/(PI()*(O16/1000))/4 -> 189.92236
G17: S-06 | H17: Reservatório Água→Bomba | I17: Água | J17: =10 -> 10 | K17: 1 | L17: 200 | M17: 5" Sch 40 | N17: =0.046/1000 -> 4.6e-05 | O17: =128.194 -> 128.194 | P17: =J17/(PI()*(O17/1000))/4 -> 6.2075816
G18: R-06 | H18: Bomba→Col. Absorção | I18: Água | J18: =0.2*J16 -> 61.190451 | K18: 7 | L18: 200 | M18: 5" Sch 40 | N18: =0.046/1000 -> 4.6e-05 | O18: =128.194 -> 128.194 | P18: =J18/(PI()*(O18/1000))/4 -> 37.984472
G19: T-07 | H19: Col. Absorção→Tanque Flash | I19: Água Rica | J19: =J18 -> 61.190451 | K19: 1.5 | L19: 200 | M19: 5" Sch 40 | N19: =0.046/1000 -> 4.6e-05 | O19: =128.194 -> 128.194 | P19: =J19/(PI()*(O19/1000))/4 -> 37.984472
G20: T-08 | H20: Tanque Flash→Col. Dessorção | I20: Água Rica | J20: =J17 -> 10 | K20: 2 | L20: 200 | M20: 5" Sch 40 | N20: =0.046/1000 -> 4.6e-05 | O20: =128.194 -> 128.194 | P20: =J20/(PI()*(O20/1000))/4 -> 6.2075816
G21: R-07 | H21: Bomba Retorno→Reservatório | I21: Água | J21: =J20 -> 10 | K21: 2 | L21: 200 | M21: 5" Sch 40 | N21: =0.046/1000 -> 4.6e-05 | O21: =128.194 -> 128.194 | P21: =J21/(PI()*(O21/1000))/4 -> 6.2075816

Sheet Tubulações (2)
G6: ID Trecho | H6: Origem → Destino | I6: Fluido | J6: Densidade (Kg/m³) | K6: Viscosidade (Pa*s) | L6: D Interno Real [mm] | M6: Vel. Real [m/s] | N6: Re | O6: Tipo de Escoamento | P6: Fator de atrito | Q6: Perda de Carga | R6: Perda de Carga Localizada
G7: S-01 | H7: Tanque Lodo→ Bomba 1 | I7: Lodo | J7: ='Propriedades dos Fluidos'!I9 -> 1020 | K7: ='Propriedades dos Fluidos'!J9 -> 0.05 | L7: =Tubulações!O7 -> 128.194 | M7: =Tubulações!P7 -> 10.345969 | N7: =(J7*(L7/1000)*M7)/K7 -> 27056.34 | O7: =IF(N7<=2100, "Laminar", IF(N7<4000, "Transição", "Turbulento")) -> Turbulento | P7: =IF(N7<=2100, 64/N7, 0.25 / (LOG10(((Tubulações!N7)/L7)/3.7 + 5.74/(N7^0.9)))^2) -> 0.023961785 | Q7: =P7*(Tubulações!K7/L7)*((M7^2)/2*9.81) -> 0.24534255
G8: R-01 | H8: Bomba 1→ Misturador | I8: Lodo | J8: ='Propriedades dos Fluidos'!I9 -> 1020 | K8: =K7 -> 0.05 | L8: =Tubulações!O8 -> 128.194 | M8: =Tubulações!P8 -> 10.345969 | N8: =(J8*(L8/1000)*M8)/K8 -> 27056.34 | O8: =IF(N8<=2100, "Laminar", IF(N8<4000, "Transição", "Turbulento")) -> Turbulento | P8: =IF(N8<=2100, 64/N8, 0.25 / (LOG10(((Tubulações!N8)/L8)/3.7 + 5.74/(N8^0.9)))^2) -> 0.023961785 | Q8: =P8*(Tubulações!K8/L8)*((M8^2)/2*9.81) -> 0.24534255
G9: S-02 | H9: Tanque Vinhaça →Bomba 2 | I9: Vinhaça | J9: ='Propriedades dos Fluidos'!I10 -> 1050 | K9: ='Propriedades dos Fluidos'!J10 -> 0.02 | L9: =Tubulações!O9 -> 128.194 | M9: =Tubulações!P9 -> 1.2932462 | N9: =(J9*(L9/1000)*M9)/K9 -> 8703.786 | O9: =IF(N9<=2100, "Laminar", IF(N9<4000, "Transição", "Turbulento")) -> Turbulento | P9: =IF(N9<=2100, 64/N9, 0.25 / (LOG10(((Tubulações!N9)/L9)/3.7 + 5.74/(N9^0.9)))^2) -> 0.032190557 | Q9: =P9*(Tubulações!K9/L9)*((M9^2)/2*9.81) -> 0.0051499406
G10: R-02 | H10: Bomba 2→ Misturador | I10: Vinhaça | J10: ='Propriedades dos Fluidos'!I10 -> 1050 | K10: =K9 -> 0.02 | L10: =Tubulações!O10 -> 128.194 | M10: =Tubulações!P10 -> 1.2932462 | N10: =(J10*(L10/1000)*M10)/K10 -> 8703.786 | O10: =IF(N10<=2100, "Laminar", IF(N10<4000, "Transição", "Turbulento")) -> Turbulento | P10: =IF(N10<=2100, 64/N10, 0.25 / (LOG10(((Tubulações!N10)/L10)/3.7 + 5.74/(N10^0.9)))^2) -> 0.032190557 | Q10: =P10*(Tubulações!K10/L10)*((M10^2)/2*9.81) -> 0.0051499406
G11: S-03 | H11: Tanque Resíduo → Bomba 3 | I11: Res. Org. | J11: ='Propriedades dos Fluidos'!I11 -> 1080 | K11: ='Propriedades dos Fluidos'!J11 -> 0.8 | L11: =Tubulações!O11 -> 128.194 | M11: =Tubulações!P11 -> 1.2932462 | N11: =(J11*(L11/1000)*M11)/K11 -> 223.81164 | O11: =IF(N11<=2100, "Laminar", IF(N11<4000, "Transição", "Turbulento")) -> Laminar | P11: =IF(N11<=2100, 64/N11, 0.25 / (LOG10(((Tubulações!N11)/L11)/3.7 + 5.74/(N11^0.9)))^2) -> 0.28595474 | Q11: =P11*(Tubulações!K11/L11)*((M11^2)/2*9.81) -> 0.045747886
G12: R-03 | H12: Bomba 3→ Misturador | I12: Res. Org. | J12: ='Propriedades dos Fluidos'!I11 -> 1080 | K12: =K11 -> 0.8 | L12: =Tubulações!O12 -> 128.194 | M12: =Tubulações!P12 -> 1.2932462 | N12: =(J12*(L12/1000)*M12)/K12 -> 223.81164 | O12: =IF(N12<=2100, "Laminar", IF(N12<4000, "Transição", "Turbulento")) -> Laminar | P12: =IF(N12<=2100, 64/N12, 0.25 / (LOG10(((Tubulações!N12)/L12)/3.7 + 5.74/(N12^0.9)))^2) -> 0.28595474 | Q12: =P12*(Tubulações!K12/L12)*((M12^2)/2*9.81) -> 0.045747886
G13: S-04 | H13: Misturador→ Bomba 4 | I13: Mistura | J13: =(J8+J9+J11)/3 -> 1050 | K13: =0.15 -> 0.15 | L13: =Tubulações!O13 -> 128.194 | M13: =Tubulações!P13 -> 12.932462 | N13: =(J13*(L13/1000)*M13)/K13 -> 11605.048 | O13: =IF(N13<=2100, "Laminar", IF(N13<4000, "Transição", "Turbulento")) -> Turbulento | P13: =IF(N13<=2100, 64/N13, 0.25 / (LOG10(((Tubulações!N13)/L13)/3.7 + 5.74/(N13^0.9)))^2) -> 0.029742165 | Q13: =P13*(Tubulações!K13/L13)*((M13^2)/2*9.81) -> 0.47582396
G14: R-04 | H14: Bomba 4→ Biodigestor | I14: Mistura | J14: =J13 -> 1050 | K14: =K13 -> 0.15 | L14: =Tubulações!O14 -> 128.194 | M14: =Tubulações!P14 -> 12.930392 | N14: =(J14*(L14/1000)*M14)/K14 -> 11603.191 | O14: =IF(N14<=2100, "Laminar", IF(N14<4000, "Transição", "Turbulento")) -> Turbulento | P14: =IF(N14<=2100, 64/N14, 0.25 / (LOG10(((Tubulações!N14)/L14)/3.7 + 5.74/(N14^0.9)))^2) -> 0.029743449 | Q14: =P14*(Tubulações!K14/L14)*((M14^2)/2*9.81) -> 0.57083068
G15: S-05 | H15: Biodigestor → Compressor | I15: Biogás | J15: ='Propriedades dos Fluidos'!I6 -> 1.15 | K15: ='Propriedades dos Fluidos'!J6 -> 1.3e-05 | L15: =Tubulações!O15 -> 128.194 | M15: =Tubulações!P15 -> 189.92236 | N15: =(J15*(L15/1000)*M15)/K15 -> 2153764.9 | O15: =IF(N15<=2100, "Laminar", IF(N15<4000, "Transição", "Turbulento")) -> Turbulento | P15: =IF(N15<=2100, 64/N15, 0.25 / (LOG10(((Tubulações!N15)/L15)/3.7 + 5.74/(N15^0.9)))^2) -> 0.010255575 | Q15: =P15*(Tubulações!K15/L15)*((M15^2)/2*9.81) -> 70.770705
G16: R-05 | H16: Compressor →Col. Absorção | I16: Biogás | J16: =J15 -> 1.15 | K16: =K15 -> 1.3e-05 | L16: =Tubulações!O16 -> 128.194 | M16: =Tubulações!P16 -> 189.92236 | N16: =(J16*(L16/1000)*M16)/K16 -> 2153764.9 | O16: =IF(N16<=2100, "Laminar", IF(N16<4000, "Transição", "Turbulento")) -> Turbulento | P16: =IF(N16<=2100, 64/N16, 0.25 / (LOG10(((Tubulações!N16)/L16)/3.7 + 5.74/(N16^0.9)))^2) -> 0.010255575 | Q16: =P16*(Tubulações!K16/L16)*((M16^2)/2*9.81) -> 70.770705
G17: S-06 | H17: Reservatório Água→Bomba | I17: Água | J17: ='Propriedades dos Fluidos'!I4 -> 998 | K17: ='Propriedades dos Fluidos'!J4 -> 0.001 | L17: =Tubulações!O17 -> 128.194 | M17: =Tubulações!P17 -> 6.2075816 | N17: =(J17*(L17/1000)*M17)/K17 -> 794183.17 | O17: =IF(N17<=2100, "Laminar", IF(N17<4000, "Transição", "Turbulento")) -> Turbulento | P17: =IF(N17<=2100, 64/N17, 0.25 / (LOG10(((Tubulações!N17)/L17)/3.7 + 5.74/(N17^0.9)))^2) -> 0.012078377 | Q17: =P17*(Tubulações!K17/L17)*((M17^2)/2*9.81) -> 0.017808395
G18: R-06 | H18: Bomba→Col. Absorção | I18: Água | J18: =J17 -> 998 | K18: =K17 -> 0.001 | L18: =Tubulações!O18 -> 128.194 | M18: =Tubulações!P18 -> 37.984472 | N18: =(J18*(L18/1000)*M18)/K18 -> 4859642.6 | O18: =IF(N18<=2100, "Laminar", IF(N18<4000, "Transição", "Turbulento")) -> Turbulento | P18: =IF(N18<=2100, 64/N18, 0.25 / (LOG10(((Tubulações!N18)/L18)/3.7 + 5.74/(N18^0.9)))^2) -> 0.0090652821 | Q18: =P18*(Tubulações!K18/L18)*((M18^2)/2*9.81) -> 3.5031833
G19: T-07 | H19: Col. Absorção→Tanque Flash | I19: Água Rica | J19: ='Propriedades dos Fluidos'!I5 -> 1010 | K19: =K18 -> 0.001 | L19: =Tubulações!O19 -> 128.194 | M19: =Tubulações!P19 -> 37.984472 | N19: =(J19*(L19/1000)*M19)/K19 -> 4918075.2 | O19: =IF(N19<=2100, "Laminar", IF(N19<4000, "Transição", "Turbulento")) -> Turbulento | P19: =IF(N19<=2100, 64/N19, 0.25 / (LOG10(((Tubulações!N19)/L19)/3.7 + 5.74/(N19^0.9)))^2) -> 0.0090494542 | Q19: =P19*(Tubulações!K19/L19)*((M19^2)/2*9.81) -> 0.74937146
G20: T-08 | H20: Tanque Flash→Col. Dessorção | I20: Água Rica | J20: =J19 -> 1010 | K20: =K19 -> 0.001 | L20: =Tubulações!O20 -> 128.194 | M20: =Tubulações!P20 -> 6.2075816 | N20: =(J20*(L20/1000)*M20)/K20 -> 803732.46 | O20: =IF(N20<=2100, "Laminar", IF(N20<4000, "Transição", "Turbulento")) -> Turbulento | P20: =IF(N20<=2100, 64/N20, 0.25 / (LOG10(((Tubulações!N20)/L20)/3.7 + 5.74/(N20^0.9)))^2) -> 0.012053695 | Q20: =P20*(Tubulações!K20/L20)*((M20^2)/2*9.81) -> 0.035544007
G21: R-07 | H21: Bomba Retorno→Reservatório | I21: Água | J21: =J20 -> 1010 | K21: =K20 -> 0.001 | L21: =Tubulações!O21 -> 128.194 | M21: =Tubulações!P21 -> 6.2075816 | N21: =(J21*(L21/1000)*M21)/K21 -> 803732.46 | O21: =IF(N21<=2100, "Laminar", IF(N21<4000, "Transição", "Turbulento")) -> Turbulento | P21: =IF(N21<=2100, 64/N21, 0.25 / (LOG10(((Tubulações!N21)/L21)/3.7 + 5.74/(N21^0.9)))^2) -> 0.012053695 | Q21: =P21*(Tubulações!K21/L21)*((M21^2)/2*9.81) -> 0.035544007

Sheet Cálculos

Sheet Equipamentos
G6: Equipamentos | H6: Cota geométrica | K6: Bombas e Compressores | L6: Cota Geométrica
G7: Tanque-01 | H7: 5 | K7: Bomba-01 | L7: 0.5
G8: Tanque-02 | H8: 5 | K8: Bomba-02 | L8: 0.5
G9: Tanque-03 | H9: 5 | K9: Bomba-03 | L9: 0.5
G10: Misturador | H10: 5 | K10: Bomba-04 | L10: 0.5
G11: Biodigestor | H11: 12 | K11: Bomba-05 | L11: 0.5
G12: Coluna de Absorção | H12: 15 | K12: Compressor-01 | L12: 0.25
G13: Reservatório de Água | H13: 5
G14: Tanque Flash | H14: 10

Sheet Estimativas
G6: Tag do Equipamento | H6: Tipo | I6: Fluido | J6: Vazão (Q) [m³/h] | K6: AMT (H) [mca] | L6: Potência Est. [kW] | M6: Material
G7: B-01 | H7: Bomba Centrifuga | I7: Mistura Sól/Liq | J7: ... | K7: ... | L7: ... | M7: Inox 316
G8: C-01 | H8: Soprador/Compressor | I8: Biogás | J8: ... | K8: ... | L8: ... | M8: Aço Carbono
G9: T-01 | H9: Coluna de Absorção | I9: Gás/Água | J9: ... | K9: N/A | L9: N/A | M9: PRFV/Inox
